{"schemaVersion":"1.0","appDefinitionTemplate":{"id":"/providers/Microsoft.PowerApps/apps/","type":"Microsoft.PowerApps/apps","tags":{"primaryDeviceWidth":"640","primaryDeviceHeight":"1136","supportsPortrait":"true","supportsLandscape":"true","primaryFormFactor":"Phone","showStatusBar":"false","publisherVersion":"3.25101.19","minimumRequiredApiVersion":"2.2.0","hasComponent":"false","hasUnlockedComponent":"false","isUnifiedRootApp":"false","sienaVersion":"20251029T102725Z-3.25101.19.0"},"properties":{"appVersion":"2025-10-29T10:27:25Z","lifeCycleId":"Published","createdByClientVersion":{"major":3,"minor":25101,"build":19,"revision":0,"majorRevision":0,"minorRevision":0},"minClientVersion":{"major":3,"minor":25101,"build":19,"revision":0,"majorRevision":0,"minorRevision":0},"backgroundColor":"RGBA(0,176,240,1)","backgroundImageUri":"/5492401155619811811/Nab1af8fe-d35e-4ca5-9dcf-c6f500d6c6f6-logoSmallFile","displayName":"Holidays Record App","description":"This app allows employees to request and manage their holidays. Users can create new holiday requests, view request details (such as start and end dates), and edit or delete existing records. It helps streamline the holiday approval and tracking process within the organization.","commitMessage":"","appUris":{"documentUri":{"value":"/5492401155619811811/N7a3a9239-cb4e-4f8f-bca1-1e445019909c-document.msapp"},"imageUris":[],"additionalUris":[{"isSolutionAware":false,"value":"/5492401155619811811/Nf26d9a5b-d3b4-4bf2-ab13-2730623ddc71-identity.json"}]},"createdTime":"0001-01-01T00:00:00Z","lastModifiedTime":"0001-01-01T00:00:00Z","sharedGroupsCount":0,"sharedUsersCount":0,"connectionReferences":{"8988d98e-5ba1-41f3-bfbd-f6a0292a3842":{"id":"d0fa82f1-0627-4b21-8a83-0cdbe799e544","displayName":"SharePoint","iconUri":"https://conn-afd-prod-endpoint-bmc9bqahasf3grgk.b01.azurefd.net/v1.0.1769/1.0.1769.4352/sharepointonline/icon.png","dataSources":["RegistroDeVacaciones"],"dependencies":[],"dependents":[],"parameterHints":{},"parameterHintsV2":{},"isOnPremiseConnection":false,"bypassConsent":false,"dataSets":{"https://upolavide.sharepoint.com/sites/DemoCursoPowerApps/":{"dataSources":{"RegistroDeVacaciones":{"tableName":"98ed7ab2-b810-42c2-bcb6-a6b0d1708540"}}}},"apiTier":"Standard","isCustomApiConnection":false,"actions":["providers/PowerPlatform.Governance/Operations/Read","providers/PowerPlatform.Governance/Operations/Write","providers/PowerPlatform.Governance/Operations/Delete"]}},"databaseReferences":{},"almMode":"Environment","performanceOptimizationEnabled":true,"canConsumeAppPass":true,"enableModernRuntimeMode":false,"executionRestrictions":{"isTeamsOnly":false,"dataLossPreventionEvaluationResult":{"status":"Compliant","lastEvaluationDate":"2025-10-08T10:47:26.076634Z","violations":[],"violationsByPolicy":[],"violationErrorMessage":"The app uses the following connectors: shared_sharepointonline."}}},"isAppComponentLibrary":false,"appType":"ClassicCanvasApp","appComponents":[]}}